{
    "providers": [
        {
            "file": "zalmik:font/logo.png",
            "chars": [
                "\ue238"
            ],
            "height": 50,
            "ascent": 35,
            "type": "bitmap"
        },
        {
            "file": "zalmik:font/admin.png",
            "chars": [
                "\ue239"
            ],
            "height": 9,
            "ascent": 8,
            "type": "bitmap"
        },
        {
            "file": "zalmik:font/vip.png",
            "chars": [
                "\ue240"
            ],
            "height": 9,
            "ascent": 8,
            "type": "bitmap"
        },
        {
            "file": "zalmik:font/player.png",
            "chars": [
                "\ue241"
            ],
            "height": 9,
            "ascent": 8,
            "type": "bitmap"
        }

       
    ]
}